country_code,country,indicator_code,indicator_name,year,value,source,extracted_at
GHA,Ghana,IT.NET.USER.ZS,internet_penetration,2015,23.0,World Bank,2026-09-09T16:48:14.879585+00:00
GHA,Ghana,IT.NET.USER.ZS,internet_penetration,2016,28.0,World Bank,2026-09-09T16:48:14.879585+00:00
GHA,Ghana,IT.NET.USER.ZS,internet_penetration,2017,37.88420105,World Bank,2026-09-09T16:48:14.879585+00:00
GHA,Ghana,IT.NET.USER.ZS,internet_penetration,2018,43.0,World Bank,2026-09-09T16:48:14.879585+00:00
GHA,Ghana,IT.NET.USER.ZS,internet_penetration,2019,22.0732,World Bank,2026-09-09T16:48:14.879585+00:00
GHA,Ghana,IT.NET.USER.ZS,internet_penetration,2020,62.51760101,World Bank,2026-09-09T16:48:14.879585+00:00
GHA,Ghana,IT.NET.USER.ZS,internet_penetration,2021,68.6,World Bank,2026-09-09T16:48:14.879585+00:00
GHA,Ghana,IT.NET.USER.ZS,internet_penetration,2022,69.91329956,World Bank,2026-09-09T16:48:14.879585+00:00
GHA,Ghana,IT.NET.USER.ZS,internet_penetration,2023,70.67430115,World Bank,2026-09-09T16:48:14.879585+00:00
GHA,Ghana,IT.NET.USER.ZS,internet_penetration,2024,72.17569733,World Bank,2026-09-09T16:48:14.879585+00:00
GHA,Ghana,IT.NET.USER.ZS,internet_penetration,2025,,World Bank,2026-09-09T16:48:14.879585+00:00
GHA,Ghana,NY.GDP.PCAP.CD,gdp_per_capita,2015,1722.77282833606,World Bank,2026-09-09T16:48:14.879585+00:00
GHA,Ghana,NY.GDP.PCAP.CD,gdp_per_capita,2016,1912.47991339951,World Bank,2026-09-09T16:48:14.879585+00:00
GHA,Ghana,NY.GDP.PCAP.CD,gdp_per_capita,2017,2012.28662641265,World Bank,2026-09-09T16:48:14.879585+00:00
GHA,Ghana,NY.GDP.PCAP.CD,gdp_per_capita,2018,2195.32166016377,World Bank,2026-09-09T16:48:14.879585+00:00
GHA,Ghana,NY.GDP.PCAP.CD,gdp_per_capita,2019,2186.65822682613,World Bank,2026-09-09T16:48:14.879585+00:00
GHA,Ghana,NY.GDP.PCAP.CD,gdp_per_capita,2020,2195.45481659987,World Bank,2026-09-09T16:48:14.879585+00:00
GHA,Ghana,NY.GDP.PCAP.CD,gdp_per_capita,2021,2445.18662529344,World Bank,2026-09-09T16:48:14.879585+00:00
GHA,Ghana,NY.GDP.PCAP.CD,gdp_per_capita,2022,2229.89122654479,World Bank,2026-09-09T16:48:14.879585+00:00
GHA,Ghana,NY.GDP.PCAP.CD,gdp_per_capita,2023,2383.90410476221,World Bank,2026-09-09T16:48:14.879585+00:00
GHA,Ghana,NY.GDP.PCAP.CD,gdp_per_capita,2024,2419.2518672482,World Bank,2026-09-09T16:48:14.879585+00:00
GHA,Ghana,NY.GDP.PCAP.CD,gdp_per_capita,2025,3257.1588903576,World Bank,2026-09-09T16:48:14.879585+00:00
GHA,Ghana,SP.POP.TOTL,population,2015,28696068.0,World Bank,2026-09-09T16:48:14.879585+00:00
GHA,Ghana,SP.POP.TOTL,population,2016,29356742.0,World Bank,2026-09-09T16:48:14.879585+00:00
GHA,Ghana,SP.POP.TOTL,population,2017,30008354.0,World Bank,2026-09-09T16:48:14.879585+00:00
GHA,Ghana,SP.POP.TOTL,population,2018,30637585.0,World Bank,2026-09-09T16:48:14.879585+00:00
GHA,Ghana,SP.POP.TOTL,population,2019,31258945.0,World Bank,2026-09-09T16:48:14.879585+00:00
GHA,Ghana,SP.POP.TOTL,population,2020,31887809.0,World Bank,2026-09-09T16:48:14.879585+00:00
GHA,Ghana,SP.POP.TOTL,population,2021,32518665.0,World Bank,2026-09-09T16:48:14.879585+00:00
GHA,Ghana,SP.POP.TOTL,population,2022,33149152.0,World Bank,2026-09-09T16:48:14.879585+00:00
GHA,Ghana,SP.POP.TOTL,population,2023,33787914.0,World Bank,2026-09-09T16:48:14.879585+00:00
GHA,Ghana,SP.POP.TOTL,population,2024,34427414.0,World Bank,2026-09-09T16:48:14.879585+00:00
GHA,Ghana,SP.POP.TOTL,population,2025,35064272.0,World Bank,2026-09-09T16:48:14.879585+00:00
KEN,Kenya,IT.NET.USER.ZS,internet_penetration,2015,16.5878548475992,World Bank,2026-09-09T16:48:14.879585+00:00
KEN,Kenya,IT.NET.USER.ZS,internet_penetration,2016,16.6,World Bank,2026-09-09T16:48:14.879585+00:00
KEN,Kenya,IT.NET.USER.ZS,internet_penetration,2017,17.82710075,World Bank,2026-09-09T16:48:14.879585+00:00
KEN,Kenya,IT.NET.USER.ZS,internet_penetration,2018,19.5,World Bank,2026-09-09T16:48:14.879585+00:00
KEN,Kenya,IT.NET.USER.ZS,internet_penetration,2019,22.6687733618171,World Bank,2026-09-09T16:48:14.879585+00:00
KEN,Kenya,IT.NET.USER.ZS,internet_penetration,2020,24.7227993,World Bank,2026-09-09T16:48:14.879585+00:00
KEN,Kenya,IT.NET.USER.ZS,internet_penetration,2021,26.96290016,World Bank,2026-09-09T16:48:14.879585+00:00
KEN,Kenya,IT.NET.USER.ZS,internet_penetration,2022,29.40589905,World Bank,2026-09-09T16:48:14.879585+00:00
KEN,Kenya,IT.NET.USER.ZS,internet_penetration,2023,32.07040024,World Bank,2026-09-09T16:48:14.879585+00:00
KEN,Kenya,IT.NET.USER.ZS,internet_penetration,2024,34.97622513,World Bank,2026-09-09T16:48:14.879585+00:00
KEN,Kenya,IT.NET.USER.ZS,internet_penetration,2025,,World Bank,2026-09-09T16:48:14.879585+00:00
KEN,Kenya,NY.GDP.PCAP.CD,gdp_per_capita,2015,1489.11959777284,World Bank,2026-09-09T16:48:14.879585+00:00
KEN,Kenya,NY.GDP.PCAP.CD,gdp_per_capita,2016,1554.12610314423,World Bank,2026-09-09T16:48:14.879585+00:00
KEN,Kenya,NY.GDP.PCAP.CD,gdp_per_capita,2017,1667.48447230835,World Bank,2026-09-09T16:48:14.879585+00:00
KEN,Kenya,NY.GDP.PCAP.CD,gdp_per_capita,2018,1836.45275528993,World Bank,2026-09-09T16:48:14.879585+00:00
KEN,Kenya,NY.GDP.PCAP.CD,gdp_per_capita,2019,1960.40808854893,World Bank,2026-09-09T16:48:14.879585+00:00
KEN,Kenya,NY.GDP.PCAP.CD,gdp_per_capita,2020,1927.66459027849,World Bank,2026-09-09T16:48:14.879585+00:00
KEN,Kenya,NY.GDP.PCAP.CD,gdp_per_capita,2021,2061.35622089594,World Bank,2026-09-09T16:48:14.879585+00:00
KEN,Kenya,NY.GDP.PCAP.CD,gdp_per_capita,2022,2109.56288513137,World Bank,2026-09-09T16:48:14.879585+00:00
KEN,Kenya,NY.GDP.PCAP.CD,gdp_per_capita,2023,1942.58802756191,World Bank,2026-09-09T16:48:14.879585+00:00
KEN,Kenya,NY.GDP.PCAP.CD,gdp_per_capita,2024,2133.46193404026,World Bank,2026-09-09T16:48:14.879585+00:00
KEN,Kenya,NY.GDP.PCAP.CD,gdp_per_capita,2025,2362.86091198611,World Bank,2026-09-09T16:48:14.879585+00:00
KEN,Kenya,SP.POP.TOTL,population,2015,47088526.0,World Bank,2026-09-09T16:48:14.879585+00:00
KEN,Kenya,SP.POP.TOTL,population,2016,48139687.0,World Bank,2026-09-09T16:48:14.879585+00:00
KEN,Kenya,SP.POP.TOTL,population,2017,49197766.0,World Bank,2026-09-09T16:48:14.879585+00:00
KEN,Kenya,SP.POP.TOTL,population,2018,50207107.0,World Bank,2026-09-09T16:48:14.879585+00:00
KEN,Kenya,SP.POP.TOTL,population,2019,51202827.0,World Bank,2026-09-09T16:48:14.879585+00:00
KEN,Kenya,SP.POP.TOTL,population,2020,52217334.0,World Bank,2026-09-09T16:48:14.879585+00:00
KEN,Kenya,SP.POP.TOTL,population,2021,53219166.0,World Bank,2026-09-09T16:48:14.879585+00:00
KEN,Kenya,SP.POP.TOTL,population,2022,54252461.0,World Bank,2026-09-09T16:48:14.879585+00:00
KEN,Kenya,SP.POP.TOTL,population,2023,55339003.0,World Bank,2026-09-09T16:48:14.879585+00:00
KEN,Kenya,SP.POP.TOTL,population,2024,56432944.0,World Bank,2026-09-09T16:48:14.879585+00:00
KEN,Kenya,SP.POP.TOTL,population,2025,57532493.0,World Bank,2026-09-09T16:48:14.879585+00:00
NGA,Nigeria,IT.NET.USER.ZS,internet_penetration,2015,22.51420021,World Bank,2026-09-09T16:48:14.879585+00:00
NGA,Nigeria,IT.NET.USER.ZS,internet_penetration,2016,24.13750076,World Bank,2026-09-09T16:48:14.879585+00:00
NGA,Nigeria,IT.NET.USER.ZS,internet_penetration,2017,25.87789917,World Bank,2026-09-09T16:48:14.879585+00:00
NGA,Nigeria,IT.NET.USER.ZS,internet_penetration,2018,27.74370003,World Bank,2026-09-09T16:48:14.879585+00:00
NGA,Nigeria,IT.NET.USER.ZS,internet_penetration,2019,29.74410057,World Bank,2026-09-09T16:48:14.879585+00:00
NGA,Nigeria,IT.NET.USER.ZS,internet_penetration,2020,31.88879967,World Bank,2026-09-09T16:48:14.879585+00:00
NGA,Nigeria,IT.NET.USER.ZS,internet_penetration,2021,35.50979996,World Bank,2026-09-09T16:48:14.879585+00:00
NGA,Nigeria,IT.NET.USER.ZS,internet_penetration,2022,39.14720154,World Bank,2026-09-09T16:48:14.879585+00:00
NGA,Nigeria,IT.NET.USER.ZS,internet_penetration,2023,40.06399918,World Bank,2026-09-09T16:48:14.879585+00:00
NGA,Nigeria,IT.NET.USER.ZS,internet_penetration,2024,41.21139908,World Bank,2026-09-09T16:48:14.879585+00:00
NGA,Nigeria,IT.NET.USER.ZS,internet_penetration,2025,,World Bank,2026-09-09T16:48:14.879585+00:00
NGA,Nigeria,NY.GDP.PCAP.CD,gdp_per_capita,2015,2585.73360671797,World Bank,2026-09-09T16:48:14.879585+00:00
NGA,Nigeria,NY.GDP.PCAP.CD,gdp_per_capita,2016,2070.4127339595,World Bank,2026-09-09T16:48:14.879585+00:00
NGA,Nigeria,NY.GDP.PCAP.CD,gdp_per_capita,2017,1876.34027111773,World Bank,2026-09-09T16:48:14.879585+00:00
NGA,Nigeria,NY.GDP.PCAP.CD,gdp_per_capita,2018,2057.87944554011,World Bank,2026-09-09T16:48:14.879585+00:00
NGA,Nigeria,NY.GDP.PCAP.CD,gdp_per_capita,2019,3189.81286496183,World Bank,2026-09-09T16:48:14.879585+00:00
NGA,Nigeria,NY.GDP.PCAP.CD,gdp_per_capita,2020,2797.184580679,World Bank,2026-09-09T16:48:14.879585+00:00
NGA,Nigeria,NY.GDP.PCAP.CD,gdp_per_capita,2021,2787.48779220991,World Bank,2026-09-09T16:48:14.879585+00:00
NGA,Nigeria,NY.GDP.PCAP.CD,gdp_per_capita,2022,2899.16047469267,World Bank,2026-09-09T16:48:14.879585+00:00
NGA,Nigeria,NY.GDP.PCAP.CD,gdp_per_capita,2023,2138.76383718757,World Bank,2026-09-09T16:48:14.879585+00:00
NGA,Nigeria,NY.GDP.PCAP.CD,gdp_per_capita,2024,1084.16041805058,World Bank,2026-09-09T16:48:14.879585+00:00
NGA,Nigeria,NY.GDP.PCAP.CD,gdp_per_capita,2025,1224.25410237743,World Bank,2026-09-09T16:48:14.879585+00:00
NGA,Nigeria,SP.POP.TOTL,population,2015,190671878.0,World Bank,2026-09-09T16:48:14.879585+00:00
NGA,Nigeria,SP.POP.TOTL,population,2016,195443700.0,World Bank,2026-09-09T16:48:14.879585+00:00
NGA,Nigeria,SP.POP.TOTL,population,2017,200254579.0,World Bank,2026-09-09T16:48:14.879585+00:00
NGA,Nigeria,SP.POP.TOTL,population,2018,204938755.0,World Bank,2026-09-09T16:48:14.879585+00:00
NGA,Nigeria,SP.POP.TOTL,population,2019,209485641.0,World Bank,2026-09-09T16:48:14.879585+00:00
NGA,Nigeria,SP.POP.TOTL,population,2020,213996181.0,World Bank,2026-09-09T16:48:14.879585+00:00
NGA,Nigeria,SP.POP.TOTL,population,2021,218529286.0,World Bank,2026-09-09T16:48:14.879585+00:00
NGA,Nigeria,SP.POP.TOTL,population,2022,223150896.0,World Bank,2026-09-09T16:48:14.879585+00:00
NGA,Nigeria,SP.POP.TOTL,population,2023,227882945.0,World Bank,2026-09-09T16:48:14.879585+00:00
NGA,Nigeria,SP.POP.TOTL,population,2024,232679478.0,World Bank,2026-09-09T16:48:14.879585+00:00
NGA,Nigeria,SP.POP.TOTL,population,2025,237527782.0,World Bank,2026-09-09T16:48:14.879585+00:00
ZAF,South Africa,IT.NET.USER.ZS,internet_penetration,2015,51.91910172,World Bank,2026-09-09T16:48:14.879585+00:00
ZAF,South Africa,IT.NET.USER.ZS,internet_penetration,2016,54.0,World Bank,2026-09-09T16:48:14.879585+00:00
ZAF,South Africa,IT.NET.USER.ZS,internet_penetration,2017,56.16740036,World Bank,2026-09-09T16:48:14.879585+00:00
ZAF,South Africa,IT.NET.USER.ZS,internet_penetration,2018,62.40000153,World Bank,2026-09-09T16:48:14.879585+00:00
ZAF,South Africa,IT.NET.USER.ZS,internet_penetration,2019,69.69689941,World Bank,2026-09-09T16:48:14.879585+00:00
ZAF,South Africa,IT.NET.USER.ZS,internet_penetration,2020,72.1128006,World Bank,2026-09-09T16:48:14.879585+00:00
ZAF,South Africa,IT.NET.USER.ZS,internet_penetration,2021,74.96859741,World Bank,2026-09-09T16:48:14.879585+00:00
ZAF,South Africa,IT.NET.USER.ZS,internet_penetration,2022,78.29319763,World Bank,2026-09-09T16:48:14.879585+00:00
ZAF,South Africa,IT.NET.USER.ZS,internet_penetration,2023,78.33670044,World Bank,2026-09-09T16:48:14.879585+00:00
ZAF,South Africa,IT.NET.USER.ZS,internet_penetration,2024,78.35759735,World Bank,2026-09-09T16:48:14.879585+00:00
ZAF,South Africa,IT.NET.USER.ZS,internet_penetration,2025,,World Bank,2026-09-09T16:48:14.879585+00:00
ZAF,South Africa,NY.GDP.PCAP.CD,gdp_per_capita,2015,6112.27382485974,World Bank,2026-09-09T16:48:14.879585+00:00
ZAF,South Africa,NY.GDP.PCAP.CD,gdp_per_capita,2016,5651.20585165749,World Bank,2026-09-09T16:48:14.879585+00:00
ZAF,South Africa,NY.GDP.PCAP.CD,gdp_per_capita,2017,6618.33508255701,World Bank,2026-09-09T16:48:14.879585+00:00
ZAF,South Africa,NY.GDP.PCAP.CD,gdp_per_capita,2018,6914.1780318076,World Bank,2026-09-09T16:48:14.879585+00:00
ZAF,South Africa,NY.GDP.PCAP.CD,gdp_per_capita,2019,6533.71121032856,World Bank,2026-09-09T16:48:14.879585+00:00
ZAF,South Africa,NY.GDP.PCAP.CD,gdp_per_capita,2020,5580.60383075189,World Bank,2026-09-09T16:48:14.879585+00:00
ZAF,South Africa,NY.GDP.PCAP.CD,gdp_per_capita,2021,6828.75624590017,World Bank,2026-09-09T16:48:14.879585+00:00
ZAF,South Africa,NY.GDP.PCAP.CD,gdp_per_capita,2022,6534.24867783397,World Bank,2026-09-09T16:48:14.879585+00:00
ZAF,South Africa,NY.GDP.PCAP.CD,gdp_per_capita,2023,6034.27208964673,World Bank,2026-09-09T16:48:14.879585+00:00
ZAF,South Africa,NY.GDP.PCAP.CD,gdp_per_capita,2024,6267.186814093,World Bank,2026-09-09T16:48:14.879585+00:00
ZAF,South Africa,NY.GDP.PCAP.CD,gdp_per_capita,2025,6597.71450918774,World Bank,2026-09-09T16:48:14.879585+00:00
ZAF,South Africa,SP.POP.TOTL,population,2015,56723537.0,World Bank,2026-09-09T16:48:14.879585+00:00
ZAF,South Africa,SP.POP.TOTL,population,2016,57259551.0,World Bank,2026-09-09T16:48:14.879585+00:00
ZAF,South Africa,SP.POP.TOTL,population,2017,57635162.0,World Bank,2026-09-09T16:48:14.879585+00:00
ZAF,South Africa,SP.POP.TOTL,population,2018,58613001.0,World Bank,2026-09-09T16:48:14.879585+00:00
ZAF,South Africa,SP.POP.TOTL,population,2019,59587885.0,World Bank,2026-09-09T16:48:14.879585+00:00
ZAF,South Africa,SP.POP.TOTL,population,2020,60562381.0,World Bank,2026-09-09T16:48:14.879585+00:00
ZAF,South Africa,SP.POP.TOTL,population,2021,61502603.0,World Bank,2026-09-09T16:48:14.879585+00:00
ZAF,South Africa,SP.POP.TOTL,population,2022,62378410.0,World Bank,2026-09-09T16:48:14.879585+00:00
ZAF,South Africa,SP.POP.TOTL,population,2023,63212384.0,World Bank,2026-09-09T16:48:14.879585+00:00
ZAF,South Africa,SP.POP.TOTL,population,2024,64007187.0,World Bank,2026-09-09T16:48:14.879585+00:00
ZAF,South Africa,SP.POP.TOTL,population,2025,64747319.0,World Bank,2026-09-09T16:48:14.879585+00:00
